{
    "dist":[
        [
            -0.10403625392314658,
            -0.2295997331417042,
            -0.023674404148331885,
            0.021114963000671196,
            0.4641450558349225
        ]
    ],
    "mtx":[
        [
            508.2458562928756,
            0.0,
            255.75902548380876
        ],
        [
            0.0,
            508.5102608430887,
            361.40318415771424
        ],
        [
            0.0,
            0.0,
            1.0
        ]
    ]
}